USE `tesis_playon`;

--
-- Dumping data for table `playa`
--

INSERT INTO `playa` (`barrioID`,`cuit`,`disponibilidad`,
  `domicilio`,`telefono`,`email`,`estadoPlayaID`,`nombreComercial`,
  `latitud`,`longitud`,`razonSocial`,`playaID`)
VALUES (1,'30-55555555-7',80,'San Martin 458',NULL,NULL,2,'Playin Pepe',-31.4108486,-64.1821501,'Playin Pepe',11),
(2,'30-55555555-7',69,'Rondeau 450',NULL,NULL,2,'Playin Armando',-31.4238305,-64.1807989,'Playin Armando S.R.L.',12),
(2,'30-55555585-7',84,'Rondeau 680',NULL,NULL,2,'La de Don Jose',-31.4247963,-64.1777295,'Estacionamiento Don Jose',13),
(2,'30-55555558-7',50,'Independencia 380',NULL,NULL,2,'Richard Parking',-31.4204596,-64.1861825,'Estacionamiento Richard',14);

--
-- Dumping data for table `perfil_playa`
--

INSERT INTO `perfil_playa` (`descripcion`,`perfilPlayaID`,
  `playaID`,`fotoPerfil`,`nombreFoto`)
VALUES ('Playa \"Estacionamiento Playin Pepe\"',11,11,NULL,NULL),
('Playa \"Playin Armando\"',12,12,NULL,NULL),
('Playa \"Estacionamiento Don Jose\"',13,13,NULL,NULL),
('Playa \"Estacionamiento Richard\"',14,14,NULL,NULL);

--
-- Dumping data for table `usuario`
--

INSERT INTO `usuario` (`apellido`,`email`,`nombre`,
  `password`,`sesion`,`usuario`,`usuarioID`,
  `tipoDocID`,`nroDoc`,`enable`,`playaID`,`fotoPerfil`)
VALUES ('Pereyra','picante123@hotmail.com','Cesar','123456',NULL,'picante123',11,1,'12347777',1,NULL,NULL),
('Aveldaño','lucas123@hotmail.com','Lucas','123456',NULL,'lucas123',12,1,'12347776',1,NULL,NULL),
('Gomez','gonzalo123@hotmail.com','Gonzalo','123456',NULL,'gonzalo123',13,1,'12347775',1,NULL,NULL),
('Gomez','cesar123@hotmail.com','Cesar','123456',NULL,'cesar123',14,1,'12347774',1,NULL,NULL),
('Kember','agustin123@hotmail.com','Agustin','123456',NULL,'agustin123',15,1,'12347773',1,NULL,NULL),
('Miralles','ricardo123@hotmail.com','Ricardo','123456',NULL,'ricardo123',16,1,'12347772',1,NULL,NULL),
('Olave','oscar123@hotmail.com','Oscar','123456',NULL,'oscar123',17,1,'12347771',1,NULL,NULL),
('Pelaes','pelaes123@hotmail.com','Alberto','123456',NULL,'pelaes123',18,1,'12347786',1,NULL,NULL),
('Baigorri','baigorri123@hotmail.com','Cecilia','123456',NULL,'baigorri123',19,1,'12347785',1,NULL,NULL),
('Carignano','carignano123@hotmail.com','Marta','123456',NULL,'carignano123',20,1,'12347784',1,NULL,NULL),
('Sanchez','sanchez123@hotmail.com','Micaela','123456',NULL,'sanchez123',21,1,'12347783',1,NULL,NULL),
('Quinteros','quinteros123@hotmail.com','Nicolas','123456',NULL,'quinteros123',22,1,'12347782',1,NULL,NULL),
('Muñoz','muñoz123@hotmail.com','Javier','123456',NULL,'muñoz123',23,1,'12347781',1,NULL,NULL),
('Martinez','martinez123@hotmail.com','Sergio','123456',NULL,'martinez123',24,1,'12347780',1,NULL,NULL),
('Riquelme','playinpepe@hotmail.com','Sebastian','123456',NULL,'playinpepe',25,1,'12222228',1,11,NULL),
('Armando','armando_la31@hotmail.com','Zquielinky','123456',NULL,'playinarmando',26,1,'123587797',1,12,NULL),
('Doño','ladedonjose@hotmail.com','Jose','123456',NULL,'ladedonjose',27,1,'44747787',1,13,NULL),
('Rube','richardparking@hotmail.com','Ricardo','123456',NULL,'richardparking',28,1,'123456777',1,14,NULL),
('Ricardo','ricardoempleado@hotmail.com','Ramirez','123456',NULL,'ricardoempleado',29,1,'34045824',1,14,NULL);

--
-- Dumping data for table `cliente`
--

INSERT INTO `cliente` (`barrioID`,`cuentaClienteID`,`domicilio`,
  `nroCliente`,`telefono`,`clienteID`,`usuarioID`)
VALUES (5,5,'Dean Funes 1752',5,'155599999',5,11),(5,6,'Dean Funes 1000',6,'155599997',6,12),
(5,7,'Dean Funes 2000',6,'155599996',7,13),(5,8,'Dean Funes 1555',6,'155599995',8,14),
(5,9,'9 de julio 1780',6,'155599994',9,15),(5,10,'9 de julio 900',6,'155599993',10,16),
(5,11,'9 de julio  1200',6,'155599992',11,17),(5,12,'9 de julio  1300',6,'155599991',12,18),
(1,13,'9 de julio  150',6,'155588821',13,19),(2,14,'Ituzaingo  108',6,'155588831',14,20),
(1,15,'Colon  150',6,'155588841',15,21),(2,16,'Buenos Aires  705',6,'155588851',16,22),
(1,17,' Colon  252',6,'155588861',17,23),(2,18,'Buenos Aires  865',6,'155588871',18,24);

--
-- Dumping data for table `cuenta_cliente`
--

INSERT INTO `cuenta_cliente` (`fechaCreacion`,`nroCuenta`,`saldo`,
  `cuentaClienteID`,`clienteID`)
VALUES ('2012-10-20 16:33:22',1005,100,5,5),
('2012-10-20 16:33:22',1006,100,6,6),
('2012-10-20 16:33:22',1007,200,7,7),
('2012-10-20 16:33:22',1008,240,8,8),
('2012-10-20 16:33:22',1009,300,9,9),
('2012-10-20 16:33:22',1010,400,10,10),
('2012-10-20 16:33:22',1011,400,11,11),
('2012-10-20 16:33:22',1012,100,12,12),
('2012-10-20 16:33:22',1013,400,13,13),
('2012-10-20 16:33:22',1014,400,14,14),
('2012-10-20 16:33:22',1015,400,15,15),
('2012-10-20 16:33:22',1016,400,16,16),
('2012-10-20 16:33:22',1017,400,17,17),
('2012-10-20 16:33:22',1018,400,18,18);

--
-- Dumping data for table `vehiculo`
--

INSERT INTO `vehiculo` (`anio`,`codigoBarra`,`colorVehiculoID`,
  `habilitado`,`modeloVehiculoID`,`patente`,`vehiculoID`,`clienteID`)
VALUES (2011,NULL,6,1,108,'kkk111',5,8),
  (2012,NULL,2,1,105,'kkk123',6,17),
  (2011,NULL,4,1,126,'kkk555',7,16);

--
-- Dumping data for table `tarifa`
--

INSERT INTO `tarifa` (`fechaAlta`,`fechaBaja`,`importe`,
  `vigente`,`tarifaID`,`playaID`,`tipoEstadiaID`,`categoriaVehiculoID`)
VALUES ('2012-10-20 19:38:19',NULL,10,1,13,14,1,1),
('2012-10-20 19:38:19',NULL,12,1,14,14,1,3),
('2012-10-20 19:38:19',NULL,12,1,15,14,1,4),
('2012-10-20 19:38:19',NULL,50,1,16,14,3,1),
('2012-10-20 19:38:19',NULL,70,1,17,14,3,3),
('2012-10-20 19:38:19',NULL,70,1,18,14,3,4),
('2012-10-20 19:38:19',NULL,500,1,19,14,2,1),
('2012-10-20 19:38:19',NULL,700,1,20,14,2,3),
('2012-10-20 19:38:19',NULL,700,1,21,14,2,4),
('2012-10-20 19:44:15','2012-10-20 19:45:07',12,0,22,12,1,1),
('2012-10-20 19:44:15','2012-10-20 19:45:07',14,0,23,12,1,3),
('2012-10-20 19:44:15','2012-10-20 19:45:07',14,0,24,12,1,4),
('2012-10-20 19:45:07',NULL,12,1,25,12,1,1),
('2012-10-20 19:45:07',NULL,14,1,26,12,1,3),
('2012-10-20 19:45:07',NULL,14,1,27,12,1,4),
('2012-10-20 19:45:07',NULL,500,1,28,12,2,1),
('2012-10-20 19:45:07',NULL,800,1,29,12,2,3),
('2012-10-20 19:45:07',NULL,800,1,30,12,2,4);

--
-- Dumping data for table `estadia`
--

INSERT INTO `estadia` (`estadiaID`,`playaID`) 
VALUES (10,11),(11,12),(12,13),(13,14);

--
-- Dumping data for table `transaccion_cliente`
--

INSERT INTO `transaccion_cliente` (`fecha`,`importe`,`tipoPagoID`,
  `transaccionClienteID`,`cuentaClienteID`)
VALUES ('2012-10-20 18:39:42',10,6,5,4),('2012-10-20 18:40:01',10,6,6,1),
('2012-10-20 18:40:12',10,6,7,2),('2012-10-20 18:40:25',12,6,8,3),
('2012-10-20 18:41:17',10,6,9,4),('2012-10-20 18:41:28',10,6,10,1),
('2012-10-20 18:42:29',10,6,11,2),('2012-10-20 18:42:41',12,6,12,3),
('2012-10-20 18:46:11',10,6,13,4),('2012-10-20 18:46:23',10,6,14,1),
('2012-10-20 18:46:38',10,6,15,2),('2012-10-20 18:46:46',12,6,16,3),
('2012-10-20 18:51:21',10,6,17,4),('2012-10-20 18:51:32',10,6,18,1),
('2012-10-20 18:51:42',10,6,19,2),('2012-10-20 18:51:51',12,6,20,3),
('2012-10-20 18:54:05',10,6,21,4),('2012-10-20 18:54:13',10,6,22,1),
('2012-10-20 18:54:38',12,6,23,3),('2012-10-20 18:54:50',10,6,24,2),
('2012-10-20 18:56:55',10,6,25,4),('2012-10-20 18:57:03',10,6,26,1),
('2012-10-20 18:57:14',12,6,27,3),('2012-10-20 18:57:45',10,6,28,4),
('2012-10-20 18:57:53',10,6,29,1),('2012-10-20 18:58:19',12,6,30,3),
('2012-10-20 18:58:32',10,6,31,4),('2012-10-20 18:58:45',10,6,32,1),
('2012-10-20 18:58:55',12,6,33,3),('2012-10-20 18:59:58',10,6,34,4),
('2012-10-20 19:00:06',10,6,35,1),('2012-10-20 19:00:18',12,6,36,3),
('2012-10-20 19:00:43',10,6,37,4),('2012-10-20 19:00:54',10,6,38,1),
('2012-10-20 19:01:07',12,6,39,3),('2012-10-20 19:02:27',10,6,40,1),
('2012-10-20 19:02:41',12,6,41,3),('2012-10-20 19:02:54',10,6,42,1),
('2012-10-20 19:03:06',12,6,43,3),('2012-10-20 19:03:19',10,6,44,1),
('2012-10-20 19:03:33',12,6,45,3),('2012-10-20 19:03:43',10,6,46,1),
('2012-10-20 19:03:56',12,6,47,3),('2012-10-20 19:04:05',10,6,48,1),
('2012-10-20 19:15:08',10,6,49,1),('2012-10-20 19:16:28',12,6,50,3),
('2012-10-20 19:16:36',10,6,51,4),('2012-10-20 19:16:49',10,6,52,2),
('2012-10-20 19:17:03',12,6,53,3),('2012-10-20 19:17:12',12,6,54,3),
('2012-10-20 19:17:22',10,6,55,4),('2012-10-20 19:17:30',10,6,56,1),
('2012-10-20 19:17:37',10,6,57,2),('2012-10-20 19:17:46',12,6,58,3),
('2012-10-20 19:17:56',12,6,59,3),('2012-10-20 19:18:06',10,6,60,4),
('2012-10-20 19:18:13',10,6,61,4),('2012-10-20 19:18:31',10,6,62,1),
('2012-10-20 19:18:47',10,6,63,2),('2012-10-20 19:19:01',12,6,64,3),
('2012-10-20 19:19:10',10,6,65,4),('2012-10-20 19:19:24',10,6,66,1),
('2012-10-20 19:19:32',10,6,67,2),('2012-10-20 19:19:42',12,6,68,3),
('2012-10-20 19:19:55',10,6,69,4),('2012-10-20 19:20:30',10,6,70,1),
('2012-10-20 19:20:43',12,6,71,3),('2012-10-20 19:20:50',12,6,72,3),
('2012-10-20 19:20:58',12,6,73,3),('2012-10-20 19:21:06',12,6,74,3),
('2012-10-20 19:21:17',10,6,75,4),('2012-10-20 19:21:26',10,6,76,1),
('2012-10-20 19:21:34',10,6,77,2),('2012-10-20 19:21:42',12,6,78,3),
('2012-10-20 19:26:30',10,6,79,4),('2012-10-20 19:26:52',10,6,80,4),
('2012-10-20 19:27:02',10,6,81,4),('2012-10-20 19:27:11',10,6,82,1),
('2012-10-20 19:27:23',10,6,83,2),('2012-10-20 19:27:31',12,6,84,3),
('2012-10-20 19:30:45',12,6,85,3),('2012-10-20 19:30:53',10,6,86,4),
('2012-10-20 19:31:08',10,6,87,2),('2012-10-20 19:31:20',10,6,88,1),
('2012-10-20 19:33:00',10,6,89,4),('2012-10-20 19:33:12',10,6,90,1),
('2012-10-20 19:33:27',10,6,91,2),('2012-10-20 19:33:42',12,6,92,3),
('2012-10-20 19:33:50',10,6,93,4),('2012-10-20 19:34:00',12,6,94,3),
('2012-10-20 19:34:13',10,6,95,1),('2012-10-20 19:34:21',10,6,96,2),
('2012-10-20 19:35:20',0,6,97,1),('2012-10-20 19:35:32',12,6,98,3),
('2012-10-20 19:35:42',10,6,99,2),('2012-10-20 19:35:48',10,6,100,4),
('2012-10-20 19:36:02',12,6,101,3),('2012-10-20 19:36:13',10,6,102,4),
('2012-10-20 19:36:24',10,6,103,4),('2012-10-20 19:36:32',10,6,104,4),
('2012-10-20 19:36:39',10,6,105,4),('2012-10-20 19:36:52',10,6,106,4),
('2012-10-20 19:38:41',10,6,107,4),('2012-10-20 19:38:49',12,6,108,3),
('2012-10-20 19:45:52',10,6,109,4),('2012-10-20 20:08:58',10,6,110,8),
('2012-10-20 20:09:08',10,6,111,8),('2012-10-20 20:09:16',10,6,112,8),
('2012-10-20 20:09:23',10,6,113,8),('2012-10-20 20:09:30',10,6,114,8),
('2012-10-20 20:09:46',10,6,115,8),('2012-10-20 20:10:02',12,6,116,3),
('2012-10-20 20:10:10',12,6,117,3),('2012-10-20 20:10:17',12,6,118,3),
('2012-10-20 20:10:24',12,6,119,3),('2012-10-20 20:10:31',12,6,120,3);

--
-- Dumping data for table `detalle_estadia`
--

INSERT INTO `detalle_estadia` (`transaccionClienteID`,`empleadoID`,
  `fechaHoraEgreso`,`fechaHoraIngreso`,`importeTotal`,`cobrado`,
  `promocionID`,`tarifaID`,`vehiculoID`,`detalleEstadiaID`,`estadiaID`)
VALUES (5,1001,'2012-10-20 18:39:42','2012-10-20 18:38:24',10,1,NULL,1,1,4,3),
(6,1001,'2012-10-20 18:40:01','2012-10-20 18:38:34',10,1,NULL,1,2,5,3),
(7,1001,'2012-10-20 18:40:12','2012-10-20 18:38:51',10,1,NULL,1,3,6,3),
(8,1001,'2012-10-20 18:40:25','2012-10-20 18:39:20',12,1,NULL,3,4,7,3),
(9,1001,'2012-10-20 18:41:17','2012-10-20 18:40:47',10,1,NULL,1,1,8,3),
(10,1001,'2012-10-20 18:41:28','2012-10-20 18:40:54',10,1,NULL,1,2,9,3),
(11,1001,'2012-10-20 18:42:29','2012-10-20 18:41:00',10,1,NULL,1,3,10,3),
(12,1001,'2012-10-20 18:42:41','2012-10-20 18:41:05',12,1,NULL,3,4,11,3),
(13,1001,'2012-10-20 18:46:11','2012-10-20 18:43:58',10,1,NULL,1,1,12,3),
(14,1001,'2012-10-20 18:46:23','2012-10-20 18:44:03',10,1,NULL,1,2,13,3),
(15,1001,'2012-10-20 18:46:38','2012-10-20 18:44:07',10,1,NULL,1,3,14,3),
(16,1001,'2012-10-20 18:46:46','2012-10-20 18:44:12',12,1,NULL,3,4,15,3),
(17,1001,'2012-10-20 18:51:21','2012-10-20 18:47:08',10,1,NULL,1,1,16,3),
(18,1001,'2012-10-20 18:51:32','2012-10-20 18:47:15',10,1,NULL,1,2,17,3),
(19,1001,'2012-10-20 18:51:42','2012-10-20 18:47:20',10,1,NULL,1,3,18,3),
(20,1001,'2012-10-20 18:51:51','2012-10-20 18:47:24',12,1,NULL,3,4,19,3),
(21,1001,'2012-10-20 18:54:05','2012-10-20 18:52:08',10,1,NULL,1,1,20,3),
(22,1001,'2012-10-20 18:54:13','2012-10-20 18:52:13',10,1,NULL,1,2,21,3),
(24,1001,'2012-10-20 18:54:50','2012-10-20 18:52:17',10,1,NULL,1,3,22,3),
(23,1001,'2012-10-20 18:54:38','2012-10-20 18:52:22',12,1,NULL,3,4,23,3),
(25,1001,'2012-10-20 18:56:55','2012-10-20 18:55:08',10,1,NULL,1,1,24,3),
(26,1001,'2012-10-20 18:57:03','2012-10-20 18:55:14',10,1,NULL,1,2,25,3),
(27,1001,'2012-10-20 18:57:14','2012-10-20 18:55:19',12,1,NULL,3,4,26,3),
(28,1001,'2012-10-20 18:57:45','2012-10-20 18:57:27',10,1,NULL,1,1,27,3),
(29,1001,'2012-10-20 18:57:53','2012-10-20 18:57:31',10,1,NULL,1,2,28,3),
(30,1001,'2012-10-20 18:58:19','2012-10-20 18:57:35',12,1,NULL,3,4,29,3),
(31,1001,'2012-10-20 18:58:32','2012-10-20 18:58:06',10,1,NULL,1,1,30,3),
(32,1001,'2012-10-20 18:58:45','2012-10-20 18:58:11',10,1,NULL,1,2,31,3),
(33,1001,'2012-10-20 18:58:55','2012-10-20 18:58:25',12,1,NULL,3,4,32,3),
(34,1001,'2012-10-20 18:59:58','2012-10-20 18:59:02',10,1,NULL,1,1,33,3),
(35,1001,'2012-10-20 19:00:06','2012-10-20 18:59:06',10,1,NULL,1,2,34,3),
(36,1001,'2012-10-20 19:00:18','2012-10-20 18:59:11',12,1,NULL,3,4,35,3),
(37,1001,'2012-10-20 19:00:43','2012-10-20 19:00:24',10,1,NULL,1,1,36,3),
(38,1001,'2012-10-20 19:00:54','2012-10-20 19:00:33',10,1,NULL,1,2,37,3),
(39,1001,'2012-10-20 19:01:07','2012-10-20 19:00:38',12,1,NULL,3,4,38,3),
(40,1001,'2012-10-20 19:02:27','2012-10-20 19:02:15',10,1,NULL,1,2,39,3),
(41,1001,'2012-10-20 19:02:41','2012-10-20 19:02:20',12,1,NULL,3,4,40,3),
(42,1001,'2012-10-20 19:02:54','2012-10-20 19:02:34',10,1,NULL,1,2,41,3),
(43,1001,'2012-10-20 19:03:06','2012-10-20 19:02:46',12,1,NULL,3,4,42,3),
(44,1001,'2012-10-20 19:03:19','2012-10-20 19:03:00',10,1,NULL,1,2,43,3),
(45,1001,'2012-10-20 19:03:33','2012-10-20 19:03:12',12,1,NULL,3,4,44,3),
(46,1001,'2012-10-20 19:03:43','2012-10-20 19:03:25',10,1,NULL,1,2,45,3),
(48,1001,'2012-10-20 19:04:05','2012-10-20 19:03:47',10,1,NULL,1,2,46,3),
(47,1001,'2012-10-20 19:03:56','2012-10-20 19:03:52',12,1,NULL,3,4,47,3),
(51,1001,'2012-10-20 19:16:36','2012-10-20 19:14:56',10,1,NULL,1,1,48,3),
(49,1001,'2012-10-20 19:15:08','2012-10-20 19:15:01',10,1,NULL,1,2,49,3),
(52,1001,'2012-10-20 19:16:49','2012-10-20 19:15:14',10,1,NULL,1,3,50,3),
(50,1001,'2012-10-20 19:16:28','2012-10-20 19:15:18',12,1,NULL,3,4,51,3),
(55,1001,'2012-10-20 19:17:22','2012-10-20 19:16:40',10,1,NULL,1,1,52,3),
(56,1001,'2012-10-20 19:17:30','2012-10-20 19:16:43',10,1,NULL,1,2,53,3),
(57,1001,'2012-10-20 19:17:37','2012-10-20 19:16:53',10,1,NULL,1,3,54,3),
(53,1001,'2012-10-20 19:17:03','2012-10-20 19:16:58',12,1,NULL,3,4,55,3),
(54,1001,'2012-10-20 19:17:12','2012-10-20 19:17:07',12,1,NULL,3,4,56,3),
(58,1001,'2012-10-20 19:17:46','2012-10-20 19:17:17',12,1,NULL,3,4,57,3),
(59,1001,'2012-10-20 19:17:56','2012-10-20 19:17:52',12,1,NULL,3,4,58,3),
(60,1001,'2012-10-20 19:18:06','2012-10-20 19:18:02',10,1,NULL,1,1,59,3),
(61,1001,'2012-10-20 19:18:13','2012-10-20 19:18:10',10,1,NULL,1,1,60,3),
(65,1001,'2012-10-20 19:19:10','2012-10-20 19:18:17',10,1,NULL,1,1,61,3),
(62,1001,'2012-10-20 19:18:31','2012-10-20 19:18:26',10,1,NULL,1,2,62,3),
(66,1001,'2012-10-20 19:19:24','2012-10-20 19:18:35',10,1,NULL,1,2,63,3),
(63,1001,'2012-10-20 19:18:47','2012-10-20 19:18:42',10,1,NULL,1,3,64,3),
(67,1001,'2012-10-20 19:19:32','2012-10-20 19:18:51',10,1,NULL,1,3,65,3),
(64,1001,'2012-10-20 19:19:01','2012-10-20 19:18:57',12,1,NULL,3,4,66,3),
(68,1001,'2012-10-20 19:19:42','2012-10-20 19:19:05',12,1,NULL,3,4,67,3),
(69,1001,'2012-10-20 19:19:55','2012-10-20 19:19:15',10,1,NULL,1,1,68,3),
(70,1001,'2012-10-20 19:20:30','2012-10-20 19:19:27',10,1,NULL,1,2,69,3),
(77,1001,'2012-10-20 19:21:34','2012-10-20 19:19:36',10,1,NULL,1,3,70,3),
(75,1001,'2012-10-20 19:21:17','2012-10-20 19:20:24',10,1,NULL,1,1,71,3),
(76,1001,'2012-10-20 19:21:26','2012-10-20 19:20:35',10,1,NULL,1,2,72,3),
(71,1001,'2012-10-20 19:20:43','2012-10-20 19:20:39',12,1,NULL,3,4,73,3),
(72,1001,'2012-10-20 19:20:50','2012-10-20 19:20:47',12,1,NULL,3,4,74,3),
(73,1001,'2012-10-20 19:20:58','2012-10-20 19:20:54',12,1,NULL,3,4,75,3),
(74,1001,'2012-10-20 19:21:06','2012-10-20 19:21:02',12,1,NULL,3,4,76,3),
(78,1001,'2012-10-20 19:21:42','2012-10-20 19:21:11',12,1,NULL,3,4,77,3),
(79,1001,'2012-10-20 19:26:30','2012-10-20 19:26:18',10,1,NULL,1,1,78,3),
(80,1001,'2012-10-20 19:26:52','2012-10-20 19:26:33',10,1,NULL,1,1,79,3),
(82,1001,'2012-10-20 19:27:11','2012-10-20 19:26:37',10,1,NULL,1,2,80,3),
(83,1001,'2012-10-20 19:27:23','2012-10-20 19:26:43',10,1,NULL,1,3,81,3),
(84,1001,'2012-10-20 19:27:31','2012-10-20 19:26:47',12,1,NULL,3,4,82,3),
(81,1001,'2012-10-20 19:27:02','2012-10-20 19:26:57',10,1,NULL,1,1,83,3),
(86,1001,'2012-10-20 19:30:53','2012-10-20 19:27:06',10,1,NULL,1,1,84,3),
(88,1001,'2012-10-20 19:31:20','2012-10-20 19:27:17',10,1,NULL,1,2,85,3),
(87,1001,'2012-10-20 19:31:08','2012-10-20 19:27:26',10,1,NULL,1,3,86,3),
(85,1001,'2012-10-20 19:30:45','2012-10-20 19:27:42',12,1,NULL,3,4,87,3),
(89,1001,'2012-10-20 19:33:00','2012-10-20 19:32:55',10,1,NULL,1,1,88,3),
(93,1001,'2012-10-20 19:33:50','2012-10-20 19:33:03',10,1,NULL,1,1,89,3),
(90,1001,'2012-10-20 19:33:12','2012-10-20 19:33:08',10,1,NULL,1,2,90,3),
(95,1001,'2012-10-20 19:34:13','2012-10-20 19:33:17',10,1,NULL,1,2,91,3),
(91,1001,'2012-10-20 19:33:27','2012-10-20 19:33:22',10,1,NULL,1,3,92,3),
(96,1001,'2012-10-20 19:34:21','2012-10-20 19:33:31',10,1,NULL,1,3,93,3),
(92,1001,'2012-10-20 19:33:42','2012-10-20 19:33:38',12,1,NULL,3,4,94,3),
(94,1001,'2012-10-20 19:34:00','2012-10-20 19:33:56',12,1,NULL,3,4,95,3),
(100,1001,'2012-10-20 19:35:48','2012-10-20 19:35:10',10,1,NULL,1,1,96,3),
(97,1001,'2012-10-20 19:35:20','2012-10-20 19:35:15',0,1,NULL,1,2,97,3),
(98,1001,'2012-10-20 19:35:32','2012-10-20 19:35:27',12,1,NULL,3,4,98,3),
(99,1001,'2012-10-20 19:35:42','2012-10-20 19:35:39',10,1,NULL,1,3,99,3),
(102,1001,'2012-10-20 19:36:13','2012-10-20 19:35:54',10,1,NULL,1,1,100,3),
(101,1001,'2012-10-20 19:36:02','2012-10-20 19:35:58',12,1,NULL,3,4,101,3),
(108,1001,'2012-10-20 19:38:49','2012-10-20 19:36:06',12,1,NULL,3,4,102,3),
(103,1001,'2012-10-20 19:36:24','2012-10-20 19:36:20',10,1,NULL,1,1,103,3),
(104,1001,'2012-10-20 19:36:32','2012-10-20 19:36:28',10,1,NULL,1,1,104,3),
(105,1001,'2012-10-20 19:36:39','2012-10-20 19:36:35',10,1,NULL,1,1,105,3),
(106,1001,'2012-10-20 19:36:52','2012-10-20 19:36:44',10,1,NULL,1,1,106,3),
(107,1001,'2012-10-20 19:38:41','2012-10-20 19:38:36',10,1,NULL,1,1,107,3),
(109,1001,'2012-10-20 19:45:52','2012-10-20 19:45:15',10,1,NULL,1,1,108,3),
(110,1001,'2012-10-20 20:08:58','2012-10-20 20:08:53',10,1,NULL,1,5,109,3),
(111,1001,'2012-10-20 20:09:08','2012-10-20 20:09:03',10,1,NULL,1,5,110,3),
(112,1001,'2012-10-20 20:09:16','2012-10-20 20:09:12',10,1,NULL,1,5,111,3),
(113,1001,'2012-10-20 20:09:23','2012-10-20 20:09:20',10,1,NULL,1,5,112,3),
(114,1001,'2012-10-20 20:09:30','2012-10-20 20:09:27',10,1,NULL,1,5,113,3),
(115,1001,'2012-10-20 20:09:46','2012-10-20 20:09:43',10,1,NULL,1,5,114,3),
(116,1001,'2012-10-20 20:10:02','2012-10-20 20:09:58',12,1,NULL,3,4,115,3),
(117,1001,'2012-10-20 20:10:10','2012-10-20 20:10:06',12,1,NULL,3,4,116,3),
(118,1001,'2012-10-20 20:10:17','2012-10-20 20:10:13',12,1,NULL,3,4,117,3),
(119,1001,'2012-10-20 20:10:24','2012-10-20 20:10:21',12,1,NULL,3,4,118,3),
(120,1001,'2012-10-20 20:10:31','2012-10-20 20:10:28',12,1,NULL,3,4,119,3);

--
-- Dumping data for table `transaccion_playa`
--

INSERT INTO `transaccion_playa` (`fecha`,`importe`,`tipoPagoID`,
  `transaccionPlayaID`,`cuentaPlayaID`,`liquidacionID`,
  `detalleEstadiaID`)
VALUES ('2012-10-20 18:39:48',10,6,4,1,NULL,4),('2012-10-20 18:40:04',10,6,5,1,NULL,5),
('2012-10-20 18:40:14',10,6,6,1,NULL,6),('2012-10-20 18:40:28',12,6,7,1,NULL,7),
('2012-10-20 18:41:20',10,6,8,1,NULL,8),('2012-10-20 18:41:30',10,6,9,1,NULL,9),
('2012-10-20 18:42:32',10,6,10,1,NULL,10),('2012-10-20 18:42:43',12,6,11,1,NULL,11),
('2012-10-20 18:46:14',10,6,12,1,NULL,12),('2012-10-20 18:46:25',10,6,13,1,NULL,13),
('2012-10-20 18:46:39',10,6,14,1,NULL,14),('2012-10-20 18:46:47',12,6,15,1,NULL,15),
('2012-10-20 18:51:23',10,6,16,1,NULL,16),('2012-10-20 18:51:34',10,6,17,1,NULL,17),
('2012-10-20 18:51:44',10,6,18,1,NULL,18),('2012-10-20 18:51:53',12,6,19,1,NULL,19),
('2012-10-20 18:54:06',10,6,20,1,NULL,20),('2012-10-20 18:54:15',10,6,21,1,NULL,21),
('2012-10-20 18:54:41',12,6,22,1,NULL,23),('2012-10-20 18:54:52',10,6,23,1,NULL,22),
('2012-10-20 18:56:57',10,6,24,1,NULL,24),('2012-10-20 18:57:05',10,6,25,1,NULL,25),
('2012-10-20 18:57:21',12,6,26,1,NULL,26),('2012-10-20 18:57:47',10,6,27,1,NULL,27),
('2012-10-20 18:57:56',10,6,28,1,NULL,28),('2012-10-20 18:58:22',12,6,29,1,NULL,29),
('2012-10-20 18:58:36',10,6,30,1,NULL,30),('2012-10-20 18:58:47',10,6,31,1,NULL,31),
('2012-10-20 18:58:57',12,6,32,1,NULL,32),('2012-10-20 19:00:00',10,6,33,1,NULL,33),
('2012-10-20 19:00:08',10,6,34,1,NULL,34),('2012-10-20 19:00:19',12,6,35,1,NULL,35),
('2012-10-20 19:00:45',10,6,36,1,NULL,36),('2012-10-20 19:00:57',10,6,37,1,NULL,37),
('2012-10-20 19:01:09',12,6,38,1,NULL,38),('2012-10-20 19:02:30',10,6,39,1,NULL,39),
('2012-10-20 19:02:44',12,6,40,1,NULL,40),('2012-10-20 19:02:56',10,6,41,1,NULL,41),
('2012-10-20 19:03:09',12,6,42,1,NULL,42),('2012-10-20 19:03:21',10,6,43,1,NULL,43),
('2012-10-20 19:03:35',12,6,44,1,NULL,44),('2012-10-20 19:03:45',10,6,45,1,NULL,45),
('2012-10-20 19:03:58',12,6,46,1,NULL,47),('2012-10-20 19:04:07',10,6,47,1,NULL,46),
('2012-10-20 19:15:10',10,6,48,1,NULL,49),('2012-10-20 19:16:30',12,6,49,1,NULL,51),
('2012-10-20 19:16:38',10,6,50,1,NULL,48),('2012-10-20 19:16:51',10,6,51,1,NULL,50),
('2012-10-20 19:17:05',12,6,52,1,NULL,55),('2012-10-20 19:17:14',12,6,53,1,NULL,56),
('2012-10-20 19:17:24',10,6,54,1,NULL,52),('2012-10-20 19:17:32',10,6,55,1,NULL,53),
('2012-10-20 19:17:40',10,6,56,1,NULL,54),('2012-10-20 19:17:48',12,6,57,1,NULL,57),
('2012-10-20 19:17:58',12,6,58,1,NULL,58),('2012-10-20 19:18:08',10,6,59,1,NULL,59),
('2012-10-20 19:18:15',10,6,60,1,NULL,60),('2012-10-20 19:18:32',10,6,61,1,NULL,62),
('2012-10-20 19:18:49',10,6,62,1,NULL,64),('2012-10-20 19:19:03',12,6,63,1,NULL,66),
('2012-10-20 19:19:13',10,6,64,1,NULL,61),('2012-10-20 19:19:25',10,6,65,1,NULL,63),
('2012-10-20 19:19:33',10,6,66,1,NULL,65),('2012-10-20 19:19:43',12,6,67,1,NULL,67),
('2012-10-20 19:19:57',10,6,68,1,NULL,68),('2012-10-20 19:20:32',10,6,69,1,NULL,69),
('2012-10-20 19:20:44',12,6,70,1,NULL,73),('2012-10-20 19:20:51',12,6,71,1,NULL,74),
('2012-10-20 19:20:59',12,6,72,1,NULL,75),('2012-10-20 19:21:08',12,6,73,1,NULL,76),
('2012-10-20 19:21:19',10,6,74,1,NULL,71),('2012-10-20 19:21:27',10,6,75,1,NULL,72),
('2012-10-20 19:21:36',10,6,76,1,NULL,70),('2012-10-20 19:21:44',12,6,77,1,NULL,77),
('2012-10-20 19:26:31',10,6,78,1,NULL,78),('2012-10-20 19:26:55',10,6,79,1,NULL,79),
('2012-10-20 19:27:04',10,6,80,1,NULL,83),('2012-10-20 19:27:13',10,6,81,1,NULL,80),
('2012-10-20 19:27:25',10,6,82,1,NULL,81),('2012-10-20 19:27:33',12,6,83,1,NULL,82),
('2012-10-20 19:30:47',12,6,84,1,NULL,87),('2012-10-20 19:30:55',10,6,85,1,NULL,84),
('2012-10-20 19:31:10',10,6,86,1,NULL,86),('2012-10-20 19:31:22',10,6,87,1,NULL,85),
('2012-10-20 19:33:02',10,6,88,1,NULL,88),('2012-10-20 19:33:15',10,6,89,1,NULL,90),
('2012-10-20 19:33:29',10,6,90,1,NULL,92),('2012-10-20 19:33:43',12,6,91,1,NULL,94),
('2012-10-20 19:33:52',10,6,92,1,NULL,89),('2012-10-20 19:34:01',12,6,93,1,NULL,95),
('2012-10-20 19:34:14',10,6,94,1,NULL,91),('2012-10-20 19:34:23',10,6,95,1,NULL,93),
('2012-10-20 19:35:22',10,6,96,1,NULL,97),('2012-10-20 19:35:33',12,6,97,1,NULL,98),
('2012-10-20 19:35:43',10,6,98,1,NULL,99),('2012-10-20 19:35:50',10,6,99,1,NULL,96),
('2012-10-20 19:36:04',12,6,100,1,NULL,101),('2012-10-20 19:36:15',10,6,101,1,NULL,100),
('2012-10-20 19:36:26',10,6,102,1,NULL,103),('2012-10-20 19:36:33',10,6,103,1,NULL,104),
('2012-10-20 19:36:41',10,6,104,1,NULL,105),('2012-10-20 19:36:54',10,6,105,1,NULL,106),
('2012-10-20 19:38:43',10,6,106,1,NULL,107),('2012-10-20 19:38:51',12,6,107,1,NULL,102),
('2012-10-20 19:45:54',10,6,108,1,NULL,108),('2012-10-20 20:08:59',10,6,109,1,NULL,109),
('2012-10-20 20:09:10',10,6,110,1,NULL,110),('2012-10-20 20:09:17',10,6,111,1,NULL,111),
('2012-10-20 20:09:25',10,6,112,1,NULL,112),('2012-10-20 20:09:39',10,6,113,1,NULL,113),
('2012-10-20 20:09:48',10,6,114,1,NULL,114),('2012-10-20 20:10:04',12,6,115,1,NULL,115),
('2012-10-20 20:10:11',12,6,116,1,NULL,116),('2012-10-20 20:10:19',12,6,117,1,NULL,117),
('2012-10-20 20:10:26',12,6,118,1,NULL,118),('2012-10-20 20:10:34',12,6,119,1,NULL,119);
